{"cameraMode":{"drawMode":0,"name":"Shaded","section":"Shading Mode"},"sceneLighting":false,"audioPlay":false,"sceneViewState":{"m_AlwaysRefresh":false,"showFog":true,"showSkybox":false,"showFlares":true,"showImageEffects":true,"showParticleSystems":true,"showVisualEffectGraphs":true,"m_FxEnabled":true},"in2DMode":false,"pivot":{"x":0.003891170024871826,"y":0.371942937374115,"z":-0.04089757800102234},"rotation":{"x":0.010483331978321076,"y":-0.9854356050491333,"z":0.15860632061958314,"w":0.06378793716430664},"size":0.6540661454200745,"orthographic":false}