{"cameraMode":{"drawMode":0,"name":"Shaded","section":"Shading Mode"},"sceneLighting":false,"audioPlay":false,"sceneViewState":{"m_AlwaysRefresh":false,"showFog":true,"showSkybox":false,"showFlares":true,"showImageEffects":true,"showParticleSystems":true,"showVisualEffectGraphs":true,"m_FxEnabled":true},"in2DMode":false,"pivot":{"x":0.48737967014312746,"y":0.6068622469902039,"z":0.6778085231781006},"rotation":{"x":-0.0020581174176186325,"y":0.9952231049537659,"z":-0.030847394838929178,"w":-0.09625519067049027},"size":0.9560117721557617,"orthographic":false}