{"cameraMode":{"drawMode":0,"name":"Shaded","section":"Shading Mode"},"sceneLighting":false,"audioPlay":false,"sceneViewState":{"m_AlwaysRefresh":false,"showFog":false,"showSkybox":false,"showFlares":false,"showImageEffects":false,"showParticleSystems":false,"showVisualEffectGraphs":true,"m_FxEnabled":true},"in2DMode":false,"pivot":{"x":-1.7881393432617188e-7,"y":1.6097476482391358,"z":-0.28385019302368166},"rotation":{"x":-0.13510996103286744,"y":-0.30498746037483218,"z":0.04375708848237991,"w":-0.9417128562927246},"size":2.349120855331421,"orthographic":true}