{"cameraMode":{"drawMode":0,"name":"Shaded","section":"Shading Mode"},"sceneLighting":false,"audioPlay":false,"sceneViewState":{"m_AlwaysRefresh":false,"showFog":true,"showSkybox":false,"showFlares":true,"showImageEffects":true,"showParticleSystems":true,"showVisualEffectGraphs":true,"m_FxEnabled":true},"in2DMode":false,"pivot":{"x":0.5472723841667175,"y":0.371942937374115,"z":43.031166076660159},"rotation":{"x":0.0023627853952348234,"y":0.995072603225708,"z":-0.02328501269221306,"w":0.10054045170545578},"size":0.6540665626525879,"orthographic":false}