{"cameraMode":{"drawMode":0,"name":"Shaded","section":"Shading Mode"},"sceneLighting":true,"audioPlay":false,"sceneViewState":{"m_AlwaysRefresh":false,"showFog":true,"showSkybox":true,"showFlares":true,"showImageEffects":true,"showParticleSystems":true,"showVisualEffectGraphs":true,"m_FxEnabled":true},"in2DMode":false,"pivot":{"x":-36.924129486083987,"y":-0.8679933547973633,"z":-70.40680694580078},"rotation":{"x":0.011870167218148709,"y":-0.978085994720459,"z":0.058164775371551517,"w":0.1995873898267746},"size":52.15353775024414,"orthographic":false}