{"cameraMode":{"drawMode":0,"name":"Shaded","section":"Shading Mode"},"sceneLighting":true,"audioPlay":false,"sceneViewState":{"m_AlwaysRefresh":false,"showFog":true,"showSkybox":true,"showFlares":true,"showImageEffects":true,"showParticleSystems":true,"showVisualEffectGraphs":true,"m_FxEnabled":true},"in2DMode":false,"pivot":{"x":8.235432624816895,"y":14.764534950256348,"z":21.74669647216797},"rotation":{"x":0.0026430715806782247,"y":0.9860571622848511,"z":-0.01567581109702587,"w":0.16569377481937409},"size":21.62381935119629,"orthographic":false}