{"cameraMode":{"drawMode":0,"name":"Shaded","section":"Shading Mode"},"sceneLighting":false,"audioPlay":false,"sceneViewState":{"m_AlwaysRefresh":false,"showFog":true,"showSkybox":true,"showFlares":true,"showImageEffects":true,"showParticleSystems":true,"showVisualEffectGraphs":true,"m_FxEnabled":true},"in2DMode":false,"pivot":{"x":6.352897644042969,"y":18.412147521972658,"z":-103.17230224609375},"rotation":{"x":0.18699468672275544,"y":0.6337796449661255,"z":-0.16476713120937348,"w":0.7332140803337097},"size":21.413381576538087,"orthographic":false}