{"cameraMode":{"drawMode":0,"name":"Shaded","section":"Shading Mode"},"sceneLighting":true,"audioPlay":false,"sceneViewState":{"m_AlwaysRefresh":false,"showFog":true,"showSkybox":true,"showFlares":true,"showImageEffects":true,"showParticleSystems":true,"showVisualEffectGraphs":true,"m_FxEnabled":true},"in2DMode":false,"pivot":{"x":372.16363525390627,"y":210.18499755859376,"z":-272.8788146972656},"rotation":{"x":0.018668683245778085,"y":0.020681101828813554,"z":0.005843307822942734,"w":-0.9997739195823669},"size":11.140345573425293,"orthographic":false}