{"cameraMode":{"drawMode":0,"name":"Shaded","section":"Shading Mode"},"sceneLighting":false,"audioPlay":false,"sceneViewState":{"m_AlwaysRefresh":false,"showFog":true,"showSkybox":false,"showFlares":true,"showImageEffects":true,"showParticleSystems":true,"showVisualEffectGraphs":true,"m_FxEnabled":true},"in2DMode":false,"pivot":{"x":-9.290139198303223,"y":2.3451619148254396,"z":10.025555610656739},"rotation":{"x":0.03977794572710991,"y":-0.9502207636833191,"z":0.27214837074279787,"w":0.15156623721122743},"size":0.7052772045135498,"orthographic":false}