{"cameraMode":{"drawMode":0,"name":"Shaded","section":"Shading Mode"},"sceneLighting":false,"audioPlay":false,"sceneViewState":{"m_AlwaysRefresh":false,"showFog":true,"showSkybox":false,"showFlares":true,"showImageEffects":true,"showParticleSystems":true,"showVisualEffectGraphs":true,"m_FxEnabled":true},"in2DMode":false,"pivot":{"x":17.481639862060548,"y":2.7466399669647219,"z":-7.840000152587891},"rotation":{"x":0.021119190379977227,"y":-0.9482330679893494,"z":0.3108549416065216,"w":0.06389760971069336},"size":4.279297351837158,"orthographic":false}