{"cameraMode":{"drawMode":0,"name":"Shaded","section":"Shading Mode"},"sceneLighting":false,"audioPlay":false,"sceneViewState":{"m_AlwaysRefresh":false,"showFog":true,"showSkybox":false,"showFlares":true,"showImageEffects":true,"showParticleSystems":true,"showVisualEffectGraphs":true,"m_FxEnabled":true},"in2DMode":false,"pivot":{"x":-0.004728525876998901,"y":-0.04456685855984688,"z":0.37857940793037417},"rotation":{"x":0.16394418478012086,"y":-0.7837637066841126,"z":0.23272983729839326,"w":0.5524154901504517},"size":0.5625056028366089,"orthographic":false}