{"cameraMode":{"drawMode":0,"name":"Shaded","section":"Shading Mode"},"sceneLighting":false,"audioPlay":false,"sceneViewState":{"m_AlwaysRefresh":false,"showFog":true,"showSkybox":false,"showFlares":true,"showImageEffects":true,"showParticleSystems":true,"showVisualEffectGraphs":true,"m_FxEnabled":true},"in2DMode":false,"pivot":{"x":0.02036610245704651,"y":0.6525000333786011,"z":-0.03556191921234131},"rotation":{"x":0.0013436153531074525,"y":0.999864399433136,"z":-0.01587122119963169,"w":0.026599198579788209},"size":1.0505080223083497,"orthographic":false}