{"cameraMode":{"drawMode":0,"name":"Shaded","section":"Shading Mode"},"sceneLighting":false,"audioPlay":false,"sceneViewState":{"m_AlwaysRefresh":false,"showFog":true,"showSkybox":false,"showFlares":true,"showImageEffects":true,"showParticleSystems":true,"showVisualEffectGraphs":true,"m_FxEnabled":true},"in2DMode":false,"pivot":{"x":-33.192649841308597,"y":0.9569827318191528,"z":-13.03189468383789},"rotation":{"x":-0.0013914299197494984,"y":0.9597864151000977,"z":-0.28214776515960696,"w":-0.010510232299566269},"size":2.4159507751464845,"orthographic":false}