{"cameraMode":{"drawMode":0,"name":"Shaded","section":"Shading Mode"},"sceneLighting":false,"audioPlay":false,"sceneViewState":{"m_AlwaysRefresh":false,"showFog":true,"showSkybox":false,"showFlares":true,"showImageEffects":true,"showParticleSystems":true,"showVisualEffectGraphs":true,"m_FxEnabled":true},"in2DMode":false,"pivot":{"x":-12.409839630126954,"y":3.7007837295532228,"z":13.425907135009766},"rotation":{"x":0.03607018291950226,"y":-0.9533780217170715,"z":0.2668353319168091,"w":0.14179900288581849},"size":0.6626496911048889,"orthographic":false}