{"cameraMode":{"drawMode":0,"name":"Shaded","section":"Shading Mode"},"sceneLighting":false,"audioPlay":false,"sceneViewState":{"m_AlwaysRefresh":false,"showFog":true,"showSkybox":false,"showFlares":true,"showImageEffects":true,"showParticleSystems":true,"showVisualEffectGraphs":true,"m_FxEnabled":true},"in2DMode":false,"pivot":{"x":-14.896559715270996,"y":2.0525927543640138,"z":9.150736808776856},"rotation":{"x":0.04284573718905449,"y":-0.9347199201583862,"z":0.3294663429260254,"w":0.13211308419704438},"size":0.8608688712120056,"orthographic":false}