{"cameraMode":{"drawMode":0,"name":"Shaded","section":"Shading Mode"},"sceneLighting":false,"audioPlay":false,"sceneViewState":{"m_AlwaysRefresh":false,"showFog":true,"showSkybox":false,"showFlares":true,"showImageEffects":true,"showParticleSystems":true,"showVisualEffectGraphs":true,"m_FxEnabled":true},"in2DMode":false,"pivot":{"x":-2.965888261795044,"y":-0.08981338888406754,"z":0.40241730213165285},"rotation":{"x":-0.06973528116941452,"y":0.7004228234291077,"z":-0.0700940415263176,"w":-0.7073814868927002},"size":3.0683670043945314,"orthographic":false}