{"cameraMode":{"drawMode":0,"name":"Shaded","section":"Shading Mode"},"sceneLighting":false,"audioPlay":false,"sceneViewState":{"m_AlwaysRefresh":false,"showFog":true,"showSkybox":false,"showFlares":true,"showImageEffects":true,"showParticleSystems":true,"showVisualEffectGraphs":true,"m_FxEnabled":true},"in2DMode":false,"pivot":{"x":-9.69234848022461,"y":2.563636064529419,"z":10.129620552062989},"rotation":{"x":0.036974456161260608,"y":-0.9554969072341919,"z":0.25207844376564028,"w":0.15379925072193147},"size":0.6183078289031982,"orthographic":false}