{"cameraMode":{"drawMode":0,"name":"Shaded","section":"Shading Mode"},"sceneLighting":false,"audioPlay":false,"sceneViewState":{"m_AlwaysRefresh":false,"showFog":true,"showSkybox":false,"showFlares":true,"showImageEffects":true,"showParticleSystems":true,"showVisualEffectGraphs":true,"m_FxEnabled":true},"in2DMode":false,"pivot":{"x":0.6006078124046326,"y":0.795122504234314,"z":42.041202545166019},"rotation":{"x":0.05293877795338631,"y":-0.9480900764465332,"z":0.23187953233718873,"w":0.21402746438980103},"size":0.4077679216861725,"orthographic":false}