{"cameraMode":{"drawMode":0,"name":"Shaded","section":"Shading Mode"},"sceneLighting":false,"audioPlay":false,"sceneViewState":{"m_AlwaysRefresh":false,"showFog":true,"showSkybox":false,"showFlares":true,"showImageEffects":true,"showParticleSystems":true,"showVisualEffectGraphs":true,"m_FxEnabled":true},"in2DMode":false,"pivot":{"x":-0.2402895987033844,"y":0.9433543682098389,"z":0.9192226529121399},"rotation":{"x":-0.007348139304667711,"y":0.9894189834594727,"z":-0.1338404268026352,"w":-0.061439383774995807},"size":0.9655600786209106,"orthographic":false}