{"cameraMode":{"drawMode":0,"name":"Shaded","section":"Shading Mode"},"sceneLighting":false,"audioPlay":false,"sceneViewState":{"m_AlwaysRefresh":false,"showFog":true,"showSkybox":false,"showFlares":true,"showImageEffects":true,"showParticleSystems":true,"showVisualEffectGraphs":true,"m_FxEnabled":true},"in2DMode":false,"pivot":{"x":0.45775216817855837,"y":1.0552717447280884,"z":1.0138161182403565},"rotation":{"x":-0.03006415255367756,"y":0.9682204723358154,"z":-0.1503690630197525,"w":-0.19931581616401673},"size":0.9682619571685791,"orthographic":false}