{"cameraMode":{"drawMode":0,"name":"Shaded","section":"Shading Mode"},"sceneLighting":false,"audioPlay":false,"sceneViewState":{"m_AlwaysRefresh":false,"showFog":true,"showSkybox":false,"showFlares":true,"showImageEffects":true,"showParticleSystems":true,"showVisualEffectGraphs":true,"m_FxEnabled":true},"in2DMode":false,"pivot":{"x":-0.06048011779785156,"y":-0.05531153082847595,"z":0.16446992754936219},"rotation":{"x":0.13351523876190186,"y":-0.8097524642944336,"z":0.20265239477157594,"w":0.5344426035881043},"size":0.4669707715511322,"orthographic":false}