{"cameraMode":{"drawMode":0,"name":"Shaded","section":"Shading Mode"},"sceneLighting":false,"audioPlay":false,"sceneViewState":{"m_AlwaysRefresh":false,"showFog":true,"showSkybox":false,"showFlares":true,"showImageEffects":true,"showParticleSystems":true,"showVisualEffectGraphs":true,"m_FxEnabled":true},"in2DMode":false,"pivot":{"x":0.050732195377349856,"y":0.38870832324028017,"z":-0.03703552484512329},"rotation":{"x":0.0013436153531074525,"y":0.999864399433136,"z":-0.01587122119963169,"w":0.026599198579788209},"size":0.9228407144546509,"orthographic":false}