{"cameraMode":{"drawMode":0,"name":"Shaded","section":"Shading Mode"},"sceneLighting":false,"audioPlay":false,"sceneViewState":{"m_AlwaysRefresh":false,"showFog":true,"showSkybox":false,"showFlares":true,"showImageEffects":true,"showParticleSystems":true,"showVisualEffectGraphs":true,"m_FxEnabled":true},"in2DMode":false,"pivot":{"x":-16.204593658447267,"y":1.7662307024002076,"z":10.876082420349121},"rotation":{"x":0.042680125683546069,"y":-0.9413667917251587,"z":0.3050936460494995,"w":0.1430514007806778},"size":0.6540660262107849,"orthographic":false}