{"cameraMode":{"drawMode":0,"name":"Shaded","section":"Shading Mode"},"sceneLighting":false,"audioPlay":false,"sceneViewState":{"m_AlwaysRefresh":false,"showFog":true,"showSkybox":false,"showFlares":true,"showImageEffects":true,"showParticleSystems":true,"showVisualEffectGraphs":true,"m_FxEnabled":true},"in2DMode":false,"pivot":{"x":30.71026039123535,"y":26.624502182006837,"z":15.323657035827637},"rotation":{"x":0.10669045150279999,"y":-0.8503980040550232,"z":0.17993895709514619,"w":0.4827658236026764},"size":2.3811824321746828,"orthographic":false}